Date,DateKey,Day,Month,MonthNo,MonthShort,Quarter,Year
2019-01-01 00:00:00,20190101,Tuesday,January,1,Jan,1,2019
2019-01-02 00:00:00,20190102,Wednesday,January,1,Jan,1,2019
2019-01-03 00:00:00,20190103,Thursday,January,1,Jan,1,2019
2019-01-04 00:00:00,20190104,Friday,January,1,Jan,1,2019
2019-01-05 00:00:00,20190105,Saturday,January,1,Jan,1,2019
2019-01-06 00:00:00,20190106,Sunday,January,1,Jan,1,2019
2019-01-07 00:00:00,20190107,Monday,January,1,Jan,1,2019
2019-01-08 00:00:00,20190108,Tuesday,January,1,Jan,1,2019
2019-01-09 00:00:00,20190109,Wednesday,January,1,Jan,1,2019
2019-01-10 00:00:00,20190110,Thursday,January,1,Jan,1,2019
2019-01-11 00:00:00,20190111,Friday,January,1,Jan,1,2019
2019-01-12 00:00:00,20190112,Saturday,January,1,Jan,1,2019
2019-01-13 00:00:00,20190113,Sunday,January,1,Jan,1,2019
2019-01-14 00:00:00,20190114,Monday,January,1,Jan,1,2019
2019-01-15 00:00:00,20190115,Tuesday,January,1,Jan,1,2019
2019-01-16 00:00:00,20190116,Wednesday,January,1,Jan,1,2019
2019-01-17 00:00:00,20190117,Thursday,January,1,Jan,1,2019
2019-01-18 00:00:00,20190118,Friday,January,1,Jan,1,2019
2019-01-19 00:00:00,20190119,Saturday,January,1,Jan,1,2019
2019-01-20 00:00:00,20190120,Sunday,January,1,Jan,1,2019
2019-01-21 00:00:00,20190121,Monday,January,1,Jan,1,2019
2019-01-22 00:00:00,20190122,Tuesday,January,1,Jan,1,2019
2019-01-23 00:00:00,20190123,Wednesday,January,1,Jan,1,2019
2019-01-24 00:00:00,20190124,Thursday,January,1,Jan,1,2019
2019-01-25 00:00:00,20190125,Friday,January,1,Jan,1,2019
2019-01-26 00:00:00,20190126,Saturday,January,1,Jan,1,2019
2019-01-27 00:00:00,20190127,Sunday,January,1,Jan,1,2019
2019-01-28 00:00:00,20190128,Monday,January,1,Jan,1,2019
2019-01-29 00:00:00,20190129,Tuesday,January,1,Jan,1,2019
2019-01-30 00:00:00,20190130,Wednesday,January,1,Jan,1,2019
2019-01-31 00:00:00,20190131,Thursday,January,1,Jan,1,2019
2019-02-01 00:00:00,20190201,Friday,February,2,Feb,1,2019
2019-02-02 00:00:00,20190202,Saturday,February,2,Feb,1,2019
2019-02-03 00:00:00,20190203,Sunday,February,2,Feb,1,2019
2019-02-04 00:00:00,20190204,Monday,February,2,Feb,1,2019
2019-02-05 00:00:00,20190205,Tuesday,February,2,Feb,1,2019
2019-02-06 00:00:00,20190206,Wednesday,February,2,Feb,1,2019
2019-02-07 00:00:00,20190207,Thursday,February,2,Feb,1,2019
2019-02-08 00:00:00,20190208,Friday,February,2,Feb,1,2019
2019-02-09 00:00:00,20190209,Saturday,February,2,Feb,1,2019
2019-02-10 00:00:00,20190210,Sunday,February,2,Feb,1,2019
2019-02-11 00:00:00,20190211,Monday,February,2,Feb,1,2019
2019-02-12 00:00:00,20190212,Tuesday,February,2,Feb,1,2019
2019-02-13 00:00:00,20190213,Wednesday,February,2,Feb,1,2019
2019-02-14 00:00:00,20190214,Thursday,February,2,Feb,1,2019
2019-02-15 00:00:00,20190215,Friday,February,2,Feb,1,2019
2019-02-16 00:00:00,20190216,Saturday,February,2,Feb,1,2019
2019-02-17 00:00:00,20190217,Sunday,February,2,Feb,1,2019
2019-02-18 00:00:00,20190218,Monday,February,2,Feb,1,2019
2019-02-19 00:00:00,20190219,Tuesday,February,2,Feb,1,2019
2019-02-20 00:00:00,20190220,Wednesday,February,2,Feb,1,2019
2019-02-21 00:00:00,20190221,Thursday,February,2,Feb,1,2019
2019-02-22 00:00:00,20190222,Friday,February,2,Feb,1,2019
2019-02-23 00:00:00,20190223,Saturday,February,2,Feb,1,2019
2019-02-24 00:00:00,20190224,Sunday,February,2,Feb,1,2019
2019-02-25 00:00:00,20190225,Monday,February,2,Feb,1,2019
2019-02-26 00:00:00,20190226,Tuesday,February,2,Feb,1,2019
2019-02-27 00:00:00,20190227,Wednesday,February,2,Feb,1,2019
2019-02-28 00:00:00,20190228,Thursday,February,2,Feb,1,2019
2019-03-01 00:00:00,20190301,Friday,March,3,Mar,1,2019
2019-03-02 00:00:00,20190302,Saturday,March,3,Mar,1,2019
2019-03-03 00:00:00,20190303,Sunday,March,3,Mar,1,2019
2019-03-04 00:00:00,20190304,Monday,March,3,Mar,1,2019
2019-03-05 00:00:00,20190305,Tuesday,March,3,Mar,1,2019
2019-03-06 00:00:00,20190306,Wednesday,March,3,Mar,1,2019
2019-03-07 00:00:00,20190307,Thursday,March,3,Mar,1,2019
2019-03-08 00:00:00,20190308,Friday,March,3,Mar,1,2019
2019-03-09 00:00:00,20190309,Saturday,March,3,Mar,1,2019
2019-03-10 00:00:00,20190310,Sunday,March,3,Mar,1,2019
2019-03-11 00:00:00,20190311,Monday,March,3,Mar,1,2019
2019-03-12 00:00:00,20190312,Tuesday,March,3,Mar,1,2019
2019-03-13 00:00:00,20190313,Wednesday,March,3,Mar,1,2019
2019-03-14 00:00:00,20190314,Thursday,March,3,Mar,1,2019
2019-03-15 00:00:00,20190315,Friday,March,3,Mar,1,2019
2019-03-16 00:00:00,20190316,Saturday,March,3,Mar,1,2019
2019-03-17 00:00:00,20190317,Sunday,March,3,Mar,1,2019
2019-03-18 00:00:00,20190318,Monday,March,3,Mar,1,2019
2019-03-19 00:00:00,20190319,Tuesday,March,3,Mar,1,2019
2019-03-20 00:00:00,20190320,Wednesday,March,3,Mar,1,2019
2019-03-21 00:00:00,20190321,Thursday,March,3,Mar,1,2019
2019-03-22 00:00:00,20190322,Friday,March,3,Mar,1,2019
2019-03-23 00:00:00,20190323,Saturday,March,3,Mar,1,2019
2019-03-24 00:00:00,20190324,Sunday,March,3,Mar,1,2019
2019-03-25 00:00:00,20190325,Monday,March,3,Mar,1,2019
2019-03-26 00:00:00,20190326,Tuesday,March,3,Mar,1,2019
2019-03-27 00:00:00,20190327,Wednesday,March,3,Mar,1,2019
2019-03-28 00:00:00,20190328,Thursday,March,3,Mar,1,2019
2019-03-29 00:00:00,20190329,Friday,March,3,Mar,1,2019
2019-03-30 00:00:00,20190330,Saturday,March,3,Mar,1,2019
2019-03-31 00:00:00,20190331,Sunday,March,3,Mar,1,2019
2019-04-01 00:00:00,20190401,Monday,April,4,Apr,2,2019
2019-04-02 00:00:00,20190402,Tuesday,April,4,Apr,2,2019
2019-04-03 00:00:00,20190403,Wednesday,April,4,Apr,2,2019
2019-04-04 00:00:00,20190404,Thursday,April,4,Apr,2,2019
2019-04-05 00:00:00,20190405,Friday,April,4,Apr,2,2019
2019-04-06 00:00:00,20190406,Saturday,April,4,Apr,2,2019
2019-04-07 00:00:00,20190407,Sunday,April,4,Apr,2,2019
2019-04-08 00:00:00,20190408,Monday,April,4,Apr,2,2019
2019-04-09 00:00:00,20190409,Tuesday,April,4,Apr,2,2019
2019-04-10 00:00:00,20190410,Wednesday,April,4,Apr,2,2019
2019-04-11 00:00:00,20190411,Thursday,April,4,Apr,2,2019
2019-04-12 00:00:00,20190412,Friday,April,4,Apr,2,2019
2019-04-13 00:00:00,20190413,Saturday,April,4,Apr,2,2019
2019-04-14 00:00:00,20190414,Sunday,April,4,Apr,2,2019
2019-04-15 00:00:00,20190415,Monday,April,4,Apr,2,2019
2019-04-16 00:00:00,20190416,Tuesday,April,4,Apr,2,2019
2019-04-17 00:00:00,20190417,Wednesday,April,4,Apr,2,2019
2019-04-18 00:00:00,20190418,Thursday,April,4,Apr,2,2019
2019-04-19 00:00:00,20190419,Friday,April,4,Apr,2,2019
2019-04-20 00:00:00,20190420,Saturday,April,4,Apr,2,2019
2019-04-21 00:00:00,20190421,Sunday,April,4,Apr,2,2019
2019-04-22 00:00:00,20190422,Monday,April,4,Apr,2,2019
2019-04-23 00:00:00,20190423,Tuesday,April,4,Apr,2,2019
2019-04-24 00:00:00,20190424,Wednesday,April,4,Apr,2,2019
2019-04-25 00:00:00,20190425,Thursday,April,4,Apr,2,2019
2019-04-26 00:00:00,20190426,Friday,April,4,Apr,2,2019
2019-04-27 00:00:00,20190427,Saturday,April,4,Apr,2,2019
2019-04-28 00:00:00,20190428,Sunday,April,4,Apr,2,2019
2019-04-29 00:00:00,20190429,Monday,April,4,Apr,2,2019
2019-04-30 00:00:00,20190430,Tuesday,April,4,Apr,2,2019
2019-05-01 00:00:00,20190501,Wednesday,May,5,May,2,2019
2019-05-02 00:00:00,20190502,Thursday,May,5,May,2,2019
2019-05-03 00:00:00,20190503,Friday,May,5,May,2,2019
2019-05-04 00:00:00,20190504,Saturday,May,5,May,2,2019
2019-05-05 00:00:00,20190505,Sunday,May,5,May,2,2019
2019-05-06 00:00:00,20190506,Monday,May,5,May,2,2019
2019-05-07 00:00:00,20190507,Tuesday,May,5,May,2,2019
2019-05-08 00:00:00,20190508,Wednesday,May,5,May,2,2019
2019-05-09 00:00:00,20190509,Thursday,May,5,May,2,2019
2019-05-10 00:00:00,20190510,Friday,May,5,May,2,2019
2019-05-11 00:00:00,20190511,Saturday,May,5,May,2,2019
2019-05-12 00:00:00,20190512,Sunday,May,5,May,2,2019
2019-05-13 00:00:00,20190513,Monday,May,5,May,2,2019
2019-05-14 00:00:00,20190514,Tuesday,May,5,May,2,2019
2019-05-15 00:00:00,20190515,Wednesday,May,5,May,2,2019
2019-05-16 00:00:00,20190516,Thursday,May,5,May,2,2019
2019-05-17 00:00:00,20190517,Friday,May,5,May,2,2019
2019-05-18 00:00:00,20190518,Saturday,May,5,May,2,2019
2019-05-19 00:00:00,20190519,Sunday,May,5,May,2,2019
2019-05-20 00:00:00,20190520,Monday,May,5,May,2,2019
2019-05-21 00:00:00,20190521,Tuesday,May,5,May,2,2019
2019-05-22 00:00:00,20190522,Wednesday,May,5,May,2,2019
2019-05-23 00:00:00,20190523,Thursday,May,5,May,2,2019
2019-05-24 00:00:00,20190524,Friday,May,5,May,2,2019
2019-05-25 00:00:00,20190525,Saturday,May,5,May,2,2019
2019-05-26 00:00:00,20190526,Sunday,May,5,May,2,2019
2019-05-27 00:00:00,20190527,Monday,May,5,May,2,2019
2019-05-28 00:00:00,20190528,Tuesday,May,5,May,2,2019
2019-05-29 00:00:00,20190529,Wednesday,May,5,May,2,2019
2019-05-30 00:00:00,20190530,Thursday,May,5,May,2,2019
2019-05-31 00:00:00,20190531,Friday,May,5,May,2,2019
2019-06-01 00:00:00,20190601,Saturday,June,6,Jun,2,2019
2019-06-02 00:00:00,20190602,Sunday,June,6,Jun,2,2019
2019-06-03 00:00:00,20190603,Monday,June,6,Jun,2,2019
2019-06-04 00:00:00,20190604,Tuesday,June,6,Jun,2,2019
2019-06-05 00:00:00,20190605,Wednesday,June,6,Jun,2,2019
2019-06-06 00:00:00,20190606,Thursday,June,6,Jun,2,2019
2019-06-07 00:00:00,20190607,Friday,June,6,Jun,2,2019
2019-06-08 00:00:00,20190608,Saturday,June,6,Jun,2,2019
2019-06-09 00:00:00,20190609,Sunday,June,6,Jun,2,2019
2019-06-10 00:00:00,20190610,Monday,June,6,Jun,2,2019
2019-06-11 00:00:00,20190611,Tuesday,June,6,Jun,2,2019
2019-06-12 00:00:00,20190612,Wednesday,June,6,Jun,2,2019
2019-06-13 00:00:00,20190613,Thursday,June,6,Jun,2,2019
2019-06-14 00:00:00,20190614,Friday,June,6,Jun,2,2019
2019-06-15 00:00:00,20190615,Saturday,June,6,Jun,2,2019
2019-06-16 00:00:00,20190616,Sunday,June,6,Jun,2,2019
2019-06-17 00:00:00,20190617,Monday,June,6,Jun,2,2019
2019-06-18 00:00:00,20190618,Tuesday,June,6,Jun,2,2019
2019-06-19 00:00:00,20190619,Wednesday,June,6,Jun,2,2019
2019-06-20 00:00:00,20190620,Thursday,June,6,Jun,2,2019
2019-06-21 00:00:00,20190621,Friday,June,6,Jun,2,2019
2019-06-22 00:00:00,20190622,Saturday,June,6,Jun,2,2019
2019-06-23 00:00:00,20190623,Sunday,June,6,Jun,2,2019
2019-06-24 00:00:00,20190624,Monday,June,6,Jun,2,2019
2019-06-25 00:00:00,20190625,Tuesday,June,6,Jun,2,2019
2019-06-26 00:00:00,20190626,Wednesday,June,6,Jun,2,2019
2019-06-27 00:00:00,20190627,Thursday,June,6,Jun,2,2019
2019-06-28 00:00:00,20190628,Friday,June,6,Jun,2,2019
2019-06-29 00:00:00,20190629,Saturday,June,6,Jun,2,2019
2019-06-30 00:00:00,20190630,Sunday,June,6,Jun,2,2019
2019-07-01 00:00:00,20190701,Monday,July,7,Jul,3,2019
2019-07-02 00:00:00,20190702,Tuesday,July,7,Jul,3,2019
2019-07-03 00:00:00,20190703,Wednesday,July,7,Jul,3,2019
2019-07-04 00:00:00,20190704,Thursday,July,7,Jul,3,2019
2019-07-05 00:00:00,20190705,Friday,July,7,Jul,3,2019
2019-07-06 00:00:00,20190706,Saturday,July,7,Jul,3,2019
2019-07-07 00:00:00,20190707,Sunday,July,7,Jul,3,2019
2019-07-08 00:00:00,20190708,Monday,July,7,Jul,3,2019
2019-07-09 00:00:00,20190709,Tuesday,July,7,Jul,3,2019
2019-07-10 00:00:00,20190710,Wednesday,July,7,Jul,3,2019
2019-07-11 00:00:00,20190711,Thursday,July,7,Jul,3,2019
2019-07-12 00:00:00,20190712,Friday,July,7,Jul,3,2019
2019-07-13 00:00:00,20190713,Saturday,July,7,Jul,3,2019
2019-07-14 00:00:00,20190714,Sunday,July,7,Jul,3,2019
2019-07-15 00:00:00,20190715,Monday,July,7,Jul,3,2019
2019-07-16 00:00:00,20190716,Tuesday,July,7,Jul,3,2019
2019-07-17 00:00:00,20190717,Wednesday,July,7,Jul,3,2019
2019-07-18 00:00:00,20190718,Thursday,July,7,Jul,3,2019
2019-07-19 00:00:00,20190719,Friday,July,7,Jul,3,2019
2019-07-20 00:00:00,20190720,Saturday,July,7,Jul,3,2019
2019-07-21 00:00:00,20190721,Sunday,July,7,Jul,3,2019
2019-07-22 00:00:00,20190722,Monday,July,7,Jul,3,2019
2019-07-23 00:00:00,20190723,Tuesday,July,7,Jul,3,2019
2019-07-24 00:00:00,20190724,Wednesday,July,7,Jul,3,2019
2019-07-25 00:00:00,20190725,Thursday,July,7,Jul,3,2019
2019-07-26 00:00:00,20190726,Friday,July,7,Jul,3,2019
2019-07-27 00:00:00,20190727,Saturday,July,7,Jul,3,2019
2019-07-28 00:00:00,20190728,Sunday,July,7,Jul,3,2019
2019-07-29 00:00:00,20190729,Monday,July,7,Jul,3,2019
2019-07-30 00:00:00,20190730,Tuesday,July,7,Jul,3,2019
2019-07-31 00:00:00,20190731,Wednesday,July,7,Jul,3,2019
2019-08-01 00:00:00,20190801,Thursday,August,8,Aug,3,2019
2019-08-02 00:00:00,20190802,Friday,August,8,Aug,3,2019
2019-08-03 00:00:00,20190803,Saturday,August,8,Aug,3,2019
2019-08-04 00:00:00,20190804,Sunday,August,8,Aug,3,2019
2019-08-05 00:00:00,20190805,Monday,August,8,Aug,3,2019
2019-08-06 00:00:00,20190806,Tuesday,August,8,Aug,3,2019
2019-08-07 00:00:00,20190807,Wednesday,August,8,Aug,3,2019
2019-08-08 00:00:00,20190808,Thursday,August,8,Aug,3,2019
2019-08-09 00:00:00,20190809,Friday,August,8,Aug,3,2019
2019-08-10 00:00:00,20190810,Saturday,August,8,Aug,3,2019
2019-08-11 00:00:00,20190811,Sunday,August,8,Aug,3,2019
2019-08-12 00:00:00,20190812,Monday,August,8,Aug,3,2019
2019-08-13 00:00:00,20190813,Tuesday,August,8,Aug,3,2019
2019-08-14 00:00:00,20190814,Wednesday,August,8,Aug,3,2019
2019-08-15 00:00:00,20190815,Thursday,August,8,Aug,3,2019
2019-08-16 00:00:00,20190816,Friday,August,8,Aug,3,2019
2019-08-17 00:00:00,20190817,Saturday,August,8,Aug,3,2019
2019-08-18 00:00:00,20190818,Sunday,August,8,Aug,3,2019
2019-08-19 00:00:00,20190819,Monday,August,8,Aug,3,2019
2019-08-20 00:00:00,20190820,Tuesday,August,8,Aug,3,2019
2019-08-21 00:00:00,20190821,Wednesday,August,8,Aug,3,2019
2019-08-22 00:00:00,20190822,Thursday,August,8,Aug,3,2019
2019-08-23 00:00:00,20190823,Friday,August,8,Aug,3,2019
2019-08-24 00:00:00,20190824,Saturday,August,8,Aug,3,2019
2019-08-25 00:00:00,20190825,Sunday,August,8,Aug,3,2019
2019-08-26 00:00:00,20190826,Monday,August,8,Aug,3,2019
2019-08-27 00:00:00,20190827,Tuesday,August,8,Aug,3,2019
2019-08-28 00:00:00,20190828,Wednesday,August,8,Aug,3,2019
2019-08-29 00:00:00,20190829,Thursday,August,8,Aug,3,2019
2019-08-30 00:00:00,20190830,Friday,August,8,Aug,3,2019
2019-08-31 00:00:00,20190831,Saturday,August,8,Aug,3,2019
2019-09-01 00:00:00,20190901,Sunday,September,9,Sep,3,2019
2019-09-02 00:00:00,20190902,Monday,September,9,Sep,3,2019
2019-09-03 00:00:00,20190903,Tuesday,September,9,Sep,3,2019
2019-09-04 00:00:00,20190904,Wednesday,September,9,Sep,3,2019
2019-09-05 00:00:00,20190905,Thursday,September,9,Sep,3,2019
2019-09-06 00:00:00,20190906,Friday,September,9,Sep,3,2019
2019-09-07 00:00:00,20190907,Saturday,September,9,Sep,3,2019
2019-09-08 00:00:00,20190908,Sunday,September,9,Sep,3,2019
2019-09-09 00:00:00,20190909,Monday,September,9,Sep,3,2019
2019-09-10 00:00:00,20190910,Tuesday,September,9,Sep,3,2019
2019-09-11 00:00:00,20190911,Wednesday,September,9,Sep,3,2019
2019-09-12 00:00:00,20190912,Thursday,September,9,Sep,3,2019
2019-09-13 00:00:00,20190913,Friday,September,9,Sep,3,2019
2019-09-14 00:00:00,20190914,Saturday,September,9,Sep,3,2019
2019-09-15 00:00:00,20190915,Sunday,September,9,Sep,3,2019
2019-09-16 00:00:00,20190916,Monday,September,9,Sep,3,2019
2019-09-17 00:00:00,20190917,Tuesday,September,9,Sep,3,2019
2019-09-18 00:00:00,20190918,Wednesday,September,9,Sep,3,2019
2019-09-19 00:00:00,20190919,Thursday,September,9,Sep,3,2019
2019-09-20 00:00:00,20190920,Friday,September,9,Sep,3,2019
2019-09-21 00:00:00,20190921,Saturday,September,9,Sep,3,2019
2019-09-22 00:00:00,20190922,Sunday,September,9,Sep,3,2019
2019-09-23 00:00:00,20190923,Monday,September,9,Sep,3,2019
2019-09-24 00:00:00,20190924,Tuesday,September,9,Sep,3,2019
2019-09-25 00:00:00,20190925,Wednesday,September,9,Sep,3,2019
2019-09-26 00:00:00,20190926,Thursday,September,9,Sep,3,2019
2019-09-27 00:00:00,20190927,Friday,September,9,Sep,3,2019
2019-09-28 00:00:00,20190928,Saturday,September,9,Sep,3,2019
2019-09-29 00:00:00,20190929,Sunday,September,9,Sep,3,2019
2019-09-30 00:00:00,20190930,Monday,September,9,Sep,3,2019
2019-10-01 00:00:00,20191001,Tuesday,October,10,Oct,4,2019
2019-10-02 00:00:00,20191002,Wednesday,October,10,Oct,4,2019
2019-10-03 00:00:00,20191003,Thursday,October,10,Oct,4,2019
2019-10-04 00:00:00,20191004,Friday,October,10,Oct,4,2019
2019-10-05 00:00:00,20191005,Saturday,October,10,Oct,4,2019
2019-10-06 00:00:00,20191006,Sunday,October,10,Oct,4,2019
2019-10-07 00:00:00,20191007,Monday,October,10,Oct,4,2019
2019-10-08 00:00:00,20191008,Tuesday,October,10,Oct,4,2019
2019-10-09 00:00:00,20191009,Wednesday,October,10,Oct,4,2019
2019-10-10 00:00:00,20191010,Thursday,October,10,Oct,4,2019
2019-10-11 00:00:00,20191011,Friday,October,10,Oct,4,2019
2019-10-12 00:00:00,20191012,Saturday,October,10,Oct,4,2019
2019-10-13 00:00:00,20191013,Sunday,October,10,Oct,4,2019
2019-10-14 00:00:00,20191014,Monday,October,10,Oct,4,2019
2019-10-15 00:00:00,20191015,Tuesday,October,10,Oct,4,2019
2019-10-16 00:00:00,20191016,Wednesday,October,10,Oct,4,2019
2019-10-17 00:00:00,20191017,Thursday,October,10,Oct,4,2019
2019-10-18 00:00:00,20191018,Friday,October,10,Oct,4,2019
2019-10-19 00:00:00,20191019,Saturday,October,10,Oct,4,2019
2019-10-20 00:00:00,20191020,Sunday,October,10,Oct,4,2019
2019-10-21 00:00:00,20191021,Monday,October,10,Oct,4,2019
2019-10-22 00:00:00,20191022,Tuesday,October,10,Oct,4,2019
2019-10-23 00:00:00,20191023,Wednesday,October,10,Oct,4,2019
2019-10-24 00:00:00,20191024,Thursday,October,10,Oct,4,2019
2019-10-25 00:00:00,20191025,Friday,October,10,Oct,4,2019
2019-10-26 00:00:00,20191026,Saturday,October,10,Oct,4,2019
2019-10-27 00:00:00,20191027,Sunday,October,10,Oct,4,2019
2019-10-28 00:00:00,20191028,Monday,October,10,Oct,4,2019
2019-10-29 00:00:00,20191029,Tuesday,October,10,Oct,4,2019
2019-10-30 00:00:00,20191030,Wednesday,October,10,Oct,4,2019
2019-10-31 00:00:00,20191031,Thursday,October,10,Oct,4,2019
2019-11-01 00:00:00,20191101,Friday,November,11,Nov,4,2019
2019-11-02 00:00:00,20191102,Saturday,November,11,Nov,4,2019
2019-11-03 00:00:00,20191103,Sunday,November,11,Nov,4,2019
2019-11-04 00:00:00,20191104,Monday,November,11,Nov,4,2019
2019-11-05 00:00:00,20191105,Tuesday,November,11,Nov,4,2019
2019-11-06 00:00:00,20191106,Wednesday,November,11,Nov,4,2019
2019-11-07 00:00:00,20191107,Thursday,November,11,Nov,4,2019
2019-11-08 00:00:00,20191108,Friday,November,11,Nov,4,2019
2019-11-09 00:00:00,20191109,Saturday,November,11,Nov,4,2019
2019-11-10 00:00:00,20191110,Sunday,November,11,Nov,4,2019
2019-11-11 00:00:00,20191111,Monday,November,11,Nov,4,2019
2019-11-12 00:00:00,20191112,Tuesday,November,11,Nov,4,2019
2019-11-13 00:00:00,20191113,Wednesday,November,11,Nov,4,2019
2019-11-14 00:00:00,20191114,Thursday,November,11,Nov,4,2019
2019-11-15 00:00:00,20191115,Friday,November,11,Nov,4,2019
2019-11-16 00:00:00,20191116,Saturday,November,11,Nov,4,2019
2019-11-17 00:00:00,20191117,Sunday,November,11,Nov,4,2019
2019-11-18 00:00:00,20191118,Monday,November,11,Nov,4,2019
2019-11-19 00:00:00,20191119,Tuesday,November,11,Nov,4,2019
2019-11-20 00:00:00,20191120,Wednesday,November,11,Nov,4,2019
2019-11-21 00:00:00,20191121,Thursday,November,11,Nov,4,2019
2019-11-22 00:00:00,20191122,Friday,November,11,Nov,4,2019
2019-11-23 00:00:00,20191123,Saturday,November,11,Nov,4,2019
2019-11-24 00:00:00,20191124,Sunday,November,11,Nov,4,2019
2019-11-25 00:00:00,20191125,Monday,November,11,Nov,4,2019
2019-11-26 00:00:00,20191126,Tuesday,November,11,Nov,4,2019
2019-11-27 00:00:00,20191127,Wednesday,November,11,Nov,4,2019
2019-11-28 00:00:00,20191128,Thursday,November,11,Nov,4,2019
2019-11-29 00:00:00,20191129,Friday,November,11,Nov,4,2019
2019-11-30 00:00:00,20191130,Saturday,November,11,Nov,4,2019
2019-12-01 00:00:00,20191201,Sunday,December,12,Dec,4,2019
2019-12-02 00:00:00,20191202,Monday,December,12,Dec,4,2019
2019-12-03 00:00:00,20191203,Tuesday,December,12,Dec,4,2019
2019-12-04 00:00:00,20191204,Wednesday,December,12,Dec,4,2019
2019-12-05 00:00:00,20191205,Thursday,December,12,Dec,4,2019
2019-12-06 00:00:00,20191206,Friday,December,12,Dec,4,2019
2019-12-07 00:00:00,20191207,Saturday,December,12,Dec,4,2019
2019-12-08 00:00:00,20191208,Sunday,December,12,Dec,4,2019
2019-12-09 00:00:00,20191209,Monday,December,12,Dec,4,2019
2019-12-10 00:00:00,20191210,Tuesday,December,12,Dec,4,2019
2019-12-11 00:00:00,20191211,Wednesday,December,12,Dec,4,2019
2019-12-12 00:00:00,20191212,Thursday,December,12,Dec,4,2019
2019-12-13 00:00:00,20191213,Friday,December,12,Dec,4,2019
2019-12-14 00:00:00,20191214,Saturday,December,12,Dec,4,2019
2019-12-15 00:00:00,20191215,Sunday,December,12,Dec,4,2019
2019-12-16 00:00:00,20191216,Monday,December,12,Dec,4,2019
2019-12-17 00:00:00,20191217,Tuesday,December,12,Dec,4,2019
2019-12-18 00:00:00,20191218,Wednesday,December,12,Dec,4,2019
2019-12-19 00:00:00,20191219,Thursday,December,12,Dec,4,2019
2019-12-20 00:00:00,20191220,Friday,December,12,Dec,4,2019
2019-12-21 00:00:00,20191221,Saturday,December,12,Dec,4,2019
2019-12-22 00:00:00,20191222,Sunday,December,12,Dec,4,2019
2019-12-23 00:00:00,20191223,Monday,December,12,Dec,4,2019
2019-12-24 00:00:00,20191224,Tuesday,December,12,Dec,4,2019
2019-12-25 00:00:00,20191225,Wednesday,December,12,Dec,4,2019
2019-12-26 00:00:00,20191226,Thursday,December,12,Dec,4,2019
2019-12-27 00:00:00,20191227,Friday,December,12,Dec,4,2019
2019-12-28 00:00:00,20191228,Saturday,December,12,Dec,4,2019
2019-12-29 00:00:00,20191229,Sunday,December,12,Dec,4,2019
2019-12-30 00:00:00,20191230,Monday,December,12,Dec,4,2019
2019-12-31 00:00:00,20191231,Tuesday,December,12,Dec,4,2019
2020-01-01 00:00:00,20200101,Wednesday,January,1,Jan,1,2020
2020-01-02 00:00:00,20200102,Thursday,January,1,Jan,1,2020
2020-01-03 00:00:00,20200103,Friday,January,1,Jan,1,2020
2020-01-04 00:00:00,20200104,Saturday,January,1,Jan,1,2020
2020-01-05 00:00:00,20200105,Sunday,January,1,Jan,1,2020
2020-01-06 00:00:00,20200106,Monday,January,1,Jan,1,2020
2020-01-07 00:00:00,20200107,Tuesday,January,1,Jan,1,2020
2020-01-08 00:00:00,20200108,Wednesday,January,1,Jan,1,2020
2020-01-09 00:00:00,20200109,Thursday,January,1,Jan,1,2020
2020-01-10 00:00:00,20200110,Friday,January,1,Jan,1,2020
2020-01-11 00:00:00,20200111,Saturday,January,1,Jan,1,2020
2020-01-12 00:00:00,20200112,Sunday,January,1,Jan,1,2020
2020-01-13 00:00:00,20200113,Monday,January,1,Jan,1,2020
2020-01-14 00:00:00,20200114,Tuesday,January,1,Jan,1,2020
2020-01-15 00:00:00,20200115,Wednesday,January,1,Jan,1,2020
2020-01-16 00:00:00,20200116,Thursday,January,1,Jan,1,2020
2020-01-17 00:00:00,20200117,Friday,January,1,Jan,1,2020
2020-01-18 00:00:00,20200118,Saturday,January,1,Jan,1,2020
2020-01-19 00:00:00,20200119,Sunday,January,1,Jan,1,2020
2020-01-20 00:00:00,20200120,Monday,January,1,Jan,1,2020
2020-01-21 00:00:00,20200121,Tuesday,January,1,Jan,1,2020
2020-01-22 00:00:00,20200122,Wednesday,January,1,Jan,1,2020
2020-01-23 00:00:00,20200123,Thursday,January,1,Jan,1,2020
2020-01-24 00:00:00,20200124,Friday,January,1,Jan,1,2020
2020-01-25 00:00:00,20200125,Saturday,January,1,Jan,1,2020
2020-01-26 00:00:00,20200126,Sunday,January,1,Jan,1,2020
2020-01-27 00:00:00,20200127,Monday,January,1,Jan,1,2020
2020-01-28 00:00:00,20200128,Tuesday,January,1,Jan,1,2020
2020-01-29 00:00:00,20200129,Wednesday,January,1,Jan,1,2020
2020-01-30 00:00:00,20200130,Thursday,January,1,Jan,1,2020
2020-01-31 00:00:00,20200131,Friday,January,1,Jan,1,2020
2020-02-01 00:00:00,20200201,Saturday,February,2,Feb,1,2020
2020-02-02 00:00:00,20200202,Sunday,February,2,Feb,1,2020
2020-02-03 00:00:00,20200203,Monday,February,2,Feb,1,2020
2020-02-04 00:00:00,20200204,Tuesday,February,2,Feb,1,2020
2020-02-05 00:00:00,20200205,Wednesday,February,2,Feb,1,2020
2020-02-06 00:00:00,20200206,Thursday,February,2,Feb,1,2020
2020-02-07 00:00:00,20200207,Friday,February,2,Feb,1,2020
2020-02-08 00:00:00,20200208,Saturday,February,2,Feb,1,2020
2020-02-09 00:00:00,20200209,Sunday,February,2,Feb,1,2020
2020-02-10 00:00:00,20200210,Monday,February,2,Feb,1,2020
2020-02-11 00:00:00,20200211,Tuesday,February,2,Feb,1,2020
2020-02-12 00:00:00,20200212,Wednesday,February,2,Feb,1,2020
2020-02-13 00:00:00,20200213,Thursday,February,2,Feb,1,2020
2020-02-14 00:00:00,20200214,Friday,February,2,Feb,1,2020
2020-02-15 00:00:00,20200215,Saturday,February,2,Feb,1,2020
2020-02-16 00:00:00,20200216,Sunday,February,2,Feb,1,2020
2020-02-17 00:00:00,20200217,Monday,February,2,Feb,1,2020
2020-02-18 00:00:00,20200218,Tuesday,February,2,Feb,1,2020
2020-02-19 00:00:00,20200219,Wednesday,February,2,Feb,1,2020
2020-02-20 00:00:00,20200220,Thursday,February,2,Feb,1,2020
2020-02-21 00:00:00,20200221,Friday,February,2,Feb,1,2020
2020-02-22 00:00:00,20200222,Saturday,February,2,Feb,1,2020
2020-02-23 00:00:00,20200223,Sunday,February,2,Feb,1,2020
2020-02-24 00:00:00,20200224,Monday,February,2,Feb,1,2020
2020-02-25 00:00:00,20200225,Tuesday,February,2,Feb,1,2020
2020-02-26 00:00:00,20200226,Wednesday,February,2,Feb,1,2020
2020-02-27 00:00:00,20200227,Thursday,February,2,Feb,1,2020
2020-02-28 00:00:00,20200228,Friday,February,2,Feb,1,2020
2020-02-29 00:00:00,20200229,Saturday,February,2,Feb,1,2020
2020-03-01 00:00:00,20200301,Sunday,March,3,Mar,1,2020
2020-03-02 00:00:00,20200302,Monday,March,3,Mar,1,2020
2020-03-03 00:00:00,20200303,Tuesday,March,3,Mar,1,2020
2020-03-04 00:00:00,20200304,Wednesday,March,3,Mar,1,2020
2020-03-05 00:00:00,20200305,Thursday,March,3,Mar,1,2020
2020-03-06 00:00:00,20200306,Friday,March,3,Mar,1,2020
2020-03-07 00:00:00,20200307,Saturday,March,3,Mar,1,2020
2020-03-08 00:00:00,20200308,Sunday,March,3,Mar,1,2020
2020-03-09 00:00:00,20200309,Monday,March,3,Mar,1,2020
2020-03-10 00:00:00,20200310,Tuesday,March,3,Mar,1,2020
2020-03-11 00:00:00,20200311,Wednesday,March,3,Mar,1,2020
2020-03-12 00:00:00,20200312,Thursday,March,3,Mar,1,2020
2020-03-13 00:00:00,20200313,Friday,March,3,Mar,1,2020
2020-03-14 00:00:00,20200314,Saturday,March,3,Mar,1,2020
2020-03-15 00:00:00,20200315,Sunday,March,3,Mar,1,2020
2020-03-16 00:00:00,20200316,Monday,March,3,Mar,1,2020
2020-03-17 00:00:00,20200317,Tuesday,March,3,Mar,1,2020
2020-03-18 00:00:00,20200318,Wednesday,March,3,Mar,1,2020
2020-03-19 00:00:00,20200319,Thursday,March,3,Mar,1,2020
2020-03-20 00:00:00,20200320,Friday,March,3,Mar,1,2020
2020-03-21 00:00:00,20200321,Saturday,March,3,Mar,1,2020
2020-03-22 00:00:00,20200322,Sunday,March,3,Mar,1,2020
2020-03-23 00:00:00,20200323,Monday,March,3,Mar,1,2020
2020-03-24 00:00:00,20200324,Tuesday,March,3,Mar,1,2020
2020-03-25 00:00:00,20200325,Wednesday,March,3,Mar,1,2020
2020-03-26 00:00:00,20200326,Thursday,March,3,Mar,1,2020
2020-03-27 00:00:00,20200327,Friday,March,3,Mar,1,2020
2020-03-28 00:00:00,20200328,Saturday,March,3,Mar,1,2020
2020-03-29 00:00:00,20200329,Sunday,March,3,Mar,1,2020
2020-03-30 00:00:00,20200330,Monday,March,3,Mar,1,2020
2020-03-31 00:00:00,20200331,Tuesday,March,3,Mar,1,2020
2020-04-01 00:00:00,20200401,Wednesday,April,4,Apr,2,2020
2020-04-02 00:00:00,20200402,Thursday,April,4,Apr,2,2020
2020-04-03 00:00:00,20200403,Friday,April,4,Apr,2,2020
2020-04-04 00:00:00,20200404,Saturday,April,4,Apr,2,2020
2020-04-05 00:00:00,20200405,Sunday,April,4,Apr,2,2020
2020-04-06 00:00:00,20200406,Monday,April,4,Apr,2,2020
2020-04-07 00:00:00,20200407,Tuesday,April,4,Apr,2,2020
2020-04-08 00:00:00,20200408,Wednesday,April,4,Apr,2,2020
2020-04-09 00:00:00,20200409,Thursday,April,4,Apr,2,2020
2020-04-10 00:00:00,20200410,Friday,April,4,Apr,2,2020
2020-04-11 00:00:00,20200411,Saturday,April,4,Apr,2,2020
2020-04-12 00:00:00,20200412,Sunday,April,4,Apr,2,2020
2020-04-13 00:00:00,20200413,Monday,April,4,Apr,2,2020
2020-04-14 00:00:00,20200414,Tuesday,April,4,Apr,2,2020
2020-04-15 00:00:00,20200415,Wednesday,April,4,Apr,2,2020
2020-04-16 00:00:00,20200416,Thursday,April,4,Apr,2,2020
2020-04-17 00:00:00,20200417,Friday,April,4,Apr,2,2020
2020-04-18 00:00:00,20200418,Saturday,April,4,Apr,2,2020
2020-04-19 00:00:00,20200419,Sunday,April,4,Apr,2,2020
2020-04-20 00:00:00,20200420,Monday,April,4,Apr,2,2020
2020-04-21 00:00:00,20200421,Tuesday,April,4,Apr,2,2020
2020-04-22 00:00:00,20200422,Wednesday,April,4,Apr,2,2020
2020-04-23 00:00:00,20200423,Thursday,April,4,Apr,2,2020
2020-04-24 00:00:00,20200424,Friday,April,4,Apr,2,2020
2020-04-25 00:00:00,20200425,Saturday,April,4,Apr,2,2020
2020-04-26 00:00:00,20200426,Sunday,April,4,Apr,2,2020
2020-04-27 00:00:00,20200427,Monday,April,4,Apr,2,2020
2020-04-28 00:00:00,20200428,Tuesday,April,4,Apr,2,2020
2020-04-29 00:00:00,20200429,Wednesday,April,4,Apr,2,2020
2020-04-30 00:00:00,20200430,Thursday,April,4,Apr,2,2020
2020-05-01 00:00:00,20200501,Friday,May,5,May,2,2020
2020-05-02 00:00:00,20200502,Saturday,May,5,May,2,2020
2020-05-03 00:00:00,20200503,Sunday,May,5,May,2,2020
2020-05-04 00:00:00,20200504,Monday,May,5,May,2,2020
2020-05-05 00:00:00,20200505,Tuesday,May,5,May,2,2020
2020-05-06 00:00:00,20200506,Wednesday,May,5,May,2,2020
2020-05-07 00:00:00,20200507,Thursday,May,5,May,2,2020
2020-05-08 00:00:00,20200508,Friday,May,5,May,2,2020
2020-05-09 00:00:00,20200509,Saturday,May,5,May,2,2020
2020-05-10 00:00:00,20200510,Sunday,May,5,May,2,2020
2020-05-11 00:00:00,20200511,Monday,May,5,May,2,2020
2020-05-12 00:00:00,20200512,Tuesday,May,5,May,2,2020
2020-05-13 00:00:00,20200513,Wednesday,May,5,May,2,2020
2020-05-14 00:00:00,20200514,Thursday,May,5,May,2,2020
2020-05-15 00:00:00,20200515,Friday,May,5,May,2,2020
2020-05-16 00:00:00,20200516,Saturday,May,5,May,2,2020
2020-05-17 00:00:00,20200517,Sunday,May,5,May,2,2020
2020-05-18 00:00:00,20200518,Monday,May,5,May,2,2020
2020-05-19 00:00:00,20200519,Tuesday,May,5,May,2,2020
2020-05-20 00:00:00,20200520,Wednesday,May,5,May,2,2020
2020-05-21 00:00:00,20200521,Thursday,May,5,May,2,2020
2020-05-22 00:00:00,20200522,Friday,May,5,May,2,2020
2020-05-23 00:00:00,20200523,Saturday,May,5,May,2,2020
2020-05-24 00:00:00,20200524,Sunday,May,5,May,2,2020
2020-05-25 00:00:00,20200525,Monday,May,5,May,2,2020
2020-05-26 00:00:00,20200526,Tuesday,May,5,May,2,2020
2020-05-27 00:00:00,20200527,Wednesday,May,5,May,2,2020
2020-05-28 00:00:00,20200528,Thursday,May,5,May,2,2020
2020-05-29 00:00:00,20200529,Friday,May,5,May,2,2020
2020-05-30 00:00:00,20200530,Saturday,May,5,May,2,2020
2020-05-31 00:00:00,20200531,Sunday,May,5,May,2,2020
2020-06-01 00:00:00,20200601,Monday,June,6,Jun,2,2020
2020-06-02 00:00:00,20200602,Tuesday,June,6,Jun,2,2020
2020-06-03 00:00:00,20200603,Wednesday,June,6,Jun,2,2020
2020-06-04 00:00:00,20200604,Thursday,June,6,Jun,2,2020
2020-06-05 00:00:00,20200605,Friday,June,6,Jun,2,2020
2020-06-06 00:00:00,20200606,Saturday,June,6,Jun,2,2020
2020-06-07 00:00:00,20200607,Sunday,June,6,Jun,2,2020
2020-06-08 00:00:00,20200608,Monday,June,6,Jun,2,2020
2020-06-09 00:00:00,20200609,Tuesday,June,6,Jun,2,2020
2020-06-10 00:00:00,20200610,Wednesday,June,6,Jun,2,2020
2020-06-11 00:00:00,20200611,Thursday,June,6,Jun,2,2020
2020-06-12 00:00:00,20200612,Friday,June,6,Jun,2,2020
2020-06-13 00:00:00,20200613,Saturday,June,6,Jun,2,2020
2020-06-14 00:00:00,20200614,Sunday,June,6,Jun,2,2020
2020-06-15 00:00:00,20200615,Monday,June,6,Jun,2,2020
2020-06-16 00:00:00,20200616,Tuesday,June,6,Jun,2,2020
2020-06-17 00:00:00,20200617,Wednesday,June,6,Jun,2,2020
2020-06-18 00:00:00,20200618,Thursday,June,6,Jun,2,2020
2020-06-19 00:00:00,20200619,Friday,June,6,Jun,2,2020
2020-06-20 00:00:00,20200620,Saturday,June,6,Jun,2,2020
2020-06-21 00:00:00,20200621,Sunday,June,6,Jun,2,2020
2020-06-22 00:00:00,20200622,Monday,June,6,Jun,2,2020
2020-06-23 00:00:00,20200623,Tuesday,June,6,Jun,2,2020
2020-06-24 00:00:00,20200624,Wednesday,June,6,Jun,2,2020
2020-06-25 00:00:00,20200625,Thursday,June,6,Jun,2,2020
2020-06-26 00:00:00,20200626,Friday,June,6,Jun,2,2020
2020-06-27 00:00:00,20200627,Saturday,June,6,Jun,2,2020
2020-06-28 00:00:00,20200628,Sunday,June,6,Jun,2,2020
2020-06-29 00:00:00,20200629,Monday,June,6,Jun,2,2020
2020-06-30 00:00:00,20200630,Tuesday,June,6,Jun,2,2020
2020-07-01 00:00:00,20200701,Wednesday,July,7,Jul,3,2020
2020-07-02 00:00:00,20200702,Thursday,July,7,Jul,3,2020
2020-07-03 00:00:00,20200703,Friday,July,7,Jul,3,2020
2020-07-04 00:00:00,20200704,Saturday,July,7,Jul,3,2020
2020-07-05 00:00:00,20200705,Sunday,July,7,Jul,3,2020
2020-07-06 00:00:00,20200706,Monday,July,7,Jul,3,2020
2020-07-07 00:00:00,20200707,Tuesday,July,7,Jul,3,2020
2020-07-08 00:00:00,20200708,Wednesday,July,7,Jul,3,2020
2020-07-09 00:00:00,20200709,Thursday,July,7,Jul,3,2020
2020-07-10 00:00:00,20200710,Friday,July,7,Jul,3,2020
2020-07-11 00:00:00,20200711,Saturday,July,7,Jul,3,2020
2020-07-12 00:00:00,20200712,Sunday,July,7,Jul,3,2020
2020-07-13 00:00:00,20200713,Monday,July,7,Jul,3,2020
2020-07-14 00:00:00,20200714,Tuesday,July,7,Jul,3,2020
2020-07-15 00:00:00,20200715,Wednesday,July,7,Jul,3,2020
2020-07-16 00:00:00,20200716,Thursday,July,7,Jul,3,2020
2020-07-17 00:00:00,20200717,Friday,July,7,Jul,3,2020
2020-07-18 00:00:00,20200718,Saturday,July,7,Jul,3,2020
2020-07-19 00:00:00,20200719,Sunday,July,7,Jul,3,2020
2020-07-20 00:00:00,20200720,Monday,July,7,Jul,3,2020
2020-07-21 00:00:00,20200721,Tuesday,July,7,Jul,3,2020
2020-07-22 00:00:00,20200722,Wednesday,July,7,Jul,3,2020
2020-07-23 00:00:00,20200723,Thursday,July,7,Jul,3,2020
2020-07-24 00:00:00,20200724,Friday,July,7,Jul,3,2020
2020-07-25 00:00:00,20200725,Saturday,July,7,Jul,3,2020
2020-07-26 00:00:00,20200726,Sunday,July,7,Jul,3,2020
2020-07-27 00:00:00,20200727,Monday,July,7,Jul,3,2020
2020-07-28 00:00:00,20200728,Tuesday,July,7,Jul,3,2020
2020-07-29 00:00:00,20200729,Wednesday,July,7,Jul,3,2020
2020-07-30 00:00:00,20200730,Thursday,July,7,Jul,3,2020
2020-07-31 00:00:00,20200731,Friday,July,7,Jul,3,2020
2020-08-01 00:00:00,20200801,Saturday,August,8,Aug,3,2020
2020-08-02 00:00:00,20200802,Sunday,August,8,Aug,3,2020
2020-08-03 00:00:00,20200803,Monday,August,8,Aug,3,2020
2020-08-04 00:00:00,20200804,Tuesday,August,8,Aug,3,2020
2020-08-05 00:00:00,20200805,Wednesday,August,8,Aug,3,2020
2020-08-06 00:00:00,20200806,Thursday,August,8,Aug,3,2020
2020-08-07 00:00:00,20200807,Friday,August,8,Aug,3,2020
2020-08-08 00:00:00,20200808,Saturday,August,8,Aug,3,2020
2020-08-09 00:00:00,20200809,Sunday,August,8,Aug,3,2020
2020-08-10 00:00:00,20200810,Monday,August,8,Aug,3,2020
2020-08-11 00:00:00,20200811,Tuesday,August,8,Aug,3,2020
2020-08-12 00:00:00,20200812,Wednesday,August,8,Aug,3,2020
2020-08-13 00:00:00,20200813,Thursday,August,8,Aug,3,2020
2020-08-14 00:00:00,20200814,Friday,August,8,Aug,3,2020
2020-08-15 00:00:00,20200815,Saturday,August,8,Aug,3,2020
2020-08-16 00:00:00,20200816,Sunday,August,8,Aug,3,2020
2020-08-17 00:00:00,20200817,Monday,August,8,Aug,3,2020
2020-08-18 00:00:00,20200818,Tuesday,August,8,Aug,3,2020
2020-08-19 00:00:00,20200819,Wednesday,August,8,Aug,3,2020
2020-08-20 00:00:00,20200820,Thursday,August,8,Aug,3,2020
2020-08-21 00:00:00,20200821,Friday,August,8,Aug,3,2020
2020-08-22 00:00:00,20200822,Saturday,August,8,Aug,3,2020
2020-08-23 00:00:00,20200823,Sunday,August,8,Aug,3,2020
2020-08-24 00:00:00,20200824,Monday,August,8,Aug,3,2020
2020-08-25 00:00:00,20200825,Tuesday,August,8,Aug,3,2020
2020-08-26 00:00:00,20200826,Wednesday,August,8,Aug,3,2020
2020-08-27 00:00:00,20200827,Thursday,August,8,Aug,3,2020
2020-08-28 00:00:00,20200828,Friday,August,8,Aug,3,2020
2020-08-29 00:00:00,20200829,Saturday,August,8,Aug,3,2020
2020-08-30 00:00:00,20200830,Sunday,August,8,Aug,3,2020
2020-08-31 00:00:00,20200831,Monday,August,8,Aug,3,2020
2020-09-01 00:00:00,20200901,Tuesday,September,9,Sep,3,2020
2020-09-02 00:00:00,20200902,Wednesday,September,9,Sep,3,2020
2020-09-03 00:00:00,20200903,Thursday,September,9,Sep,3,2020
2020-09-04 00:00:00,20200904,Friday,September,9,Sep,3,2020
2020-09-05 00:00:00,20200905,Saturday,September,9,Sep,3,2020
2020-09-06 00:00:00,20200906,Sunday,September,9,Sep,3,2020
2020-09-07 00:00:00,20200907,Monday,September,9,Sep,3,2020
2020-09-08 00:00:00,20200908,Tuesday,September,9,Sep,3,2020
2020-09-09 00:00:00,20200909,Wednesday,September,9,Sep,3,2020
2020-09-10 00:00:00,20200910,Thursday,September,9,Sep,3,2020
2020-09-11 00:00:00,20200911,Friday,September,9,Sep,3,2020
2020-09-12 00:00:00,20200912,Saturday,September,9,Sep,3,2020
2020-09-13 00:00:00,20200913,Sunday,September,9,Sep,3,2020
2020-09-14 00:00:00,20200914,Monday,September,9,Sep,3,2020
2020-09-15 00:00:00,20200915,Tuesday,September,9,Sep,3,2020
2020-09-16 00:00:00,20200916,Wednesday,September,9,Sep,3,2020
2020-09-17 00:00:00,20200917,Thursday,September,9,Sep,3,2020
2020-09-18 00:00:00,20200918,Friday,September,9,Sep,3,2020
2020-09-19 00:00:00,20200919,Saturday,September,9,Sep,3,2020
2020-09-20 00:00:00,20200920,Sunday,September,9,Sep,3,2020
2020-09-21 00:00:00,20200921,Monday,September,9,Sep,3,2020
2020-09-22 00:00:00,20200922,Tuesday,September,9,Sep,3,2020
2020-09-23 00:00:00,20200923,Wednesday,September,9,Sep,3,2020
2020-09-24 00:00:00,20200924,Thursday,September,9,Sep,3,2020
2020-09-25 00:00:00,20200925,Friday,September,9,Sep,3,2020
2020-09-26 00:00:00,20200926,Saturday,September,9,Sep,3,2020
2020-09-27 00:00:00,20200927,Sunday,September,9,Sep,3,2020
2020-09-28 00:00:00,20200928,Monday,September,9,Sep,3,2020
2020-09-29 00:00:00,20200929,Tuesday,September,9,Sep,3,2020
2020-09-30 00:00:00,20200930,Wednesday,September,9,Sep,3,2020
2020-10-01 00:00:00,20201001,Thursday,October,10,Oct,4,2020
2020-10-02 00:00:00,20201002,Friday,October,10,Oct,4,2020
2020-10-03 00:00:00,20201003,Saturday,October,10,Oct,4,2020
2020-10-04 00:00:00,20201004,Sunday,October,10,Oct,4,2020
2020-10-05 00:00:00,20201005,Monday,October,10,Oct,4,2020
2020-10-06 00:00:00,20201006,Tuesday,October,10,Oct,4,2020
2020-10-07 00:00:00,20201007,Wednesday,October,10,Oct,4,2020
2020-10-08 00:00:00,20201008,Thursday,October,10,Oct,4,2020
2020-10-09 00:00:00,20201009,Friday,October,10,Oct,4,2020
2020-10-10 00:00:00,20201010,Saturday,October,10,Oct,4,2020
2020-10-11 00:00:00,20201011,Sunday,October,10,Oct,4,2020
2020-10-12 00:00:00,20201012,Monday,October,10,Oct,4,2020
2020-10-13 00:00:00,20201013,Tuesday,October,10,Oct,4,2020
2020-10-14 00:00:00,20201014,Wednesday,October,10,Oct,4,2020
2020-10-15 00:00:00,20201015,Thursday,October,10,Oct,4,2020
2020-10-16 00:00:00,20201016,Friday,October,10,Oct,4,2020
2020-10-17 00:00:00,20201017,Saturday,October,10,Oct,4,2020
2020-10-18 00:00:00,20201018,Sunday,October,10,Oct,4,2020
2020-10-19 00:00:00,20201019,Monday,October,10,Oct,4,2020
2020-10-20 00:00:00,20201020,Tuesday,October,10,Oct,4,2020
2020-10-21 00:00:00,20201021,Wednesday,October,10,Oct,4,2020
2020-10-22 00:00:00,20201022,Thursday,October,10,Oct,4,2020
2020-10-23 00:00:00,20201023,Friday,October,10,Oct,4,2020
2020-10-24 00:00:00,20201024,Saturday,October,10,Oct,4,2020
2020-10-25 00:00:00,20201025,Sunday,October,10,Oct,4,2020
2020-10-26 00:00:00,20201026,Monday,October,10,Oct,4,2020
2020-10-27 00:00:00,20201027,Tuesday,October,10,Oct,4,2020
2020-10-28 00:00:00,20201028,Wednesday,October,10,Oct,4,2020
2020-10-29 00:00:00,20201029,Thursday,October,10,Oct,4,2020
2020-10-30 00:00:00,20201030,Friday,October,10,Oct,4,2020
2020-10-31 00:00:00,20201031,Saturday,October,10,Oct,4,2020
2020-11-01 00:00:00,20201101,Sunday,November,11,Nov,4,2020
2020-11-02 00:00:00,20201102,Monday,November,11,Nov,4,2020
2020-11-03 00:00:00,20201103,Tuesday,November,11,Nov,4,2020
2020-11-04 00:00:00,20201104,Wednesday,November,11,Nov,4,2020
2020-11-05 00:00:00,20201105,Thursday,November,11,Nov,4,2020
2020-11-06 00:00:00,20201106,Friday,November,11,Nov,4,2020
2020-11-07 00:00:00,20201107,Saturday,November,11,Nov,4,2020
2020-11-08 00:00:00,20201108,Sunday,November,11,Nov,4,2020
2020-11-09 00:00:00,20201109,Monday,November,11,Nov,4,2020
2020-11-10 00:00:00,20201110,Tuesday,November,11,Nov,4,2020
2020-11-11 00:00:00,20201111,Wednesday,November,11,Nov,4,2020
2020-11-12 00:00:00,20201112,Thursday,November,11,Nov,4,2020
2020-11-13 00:00:00,20201113,Friday,November,11,Nov,4,2020
2020-11-14 00:00:00,20201114,Saturday,November,11,Nov,4,2020
2020-11-15 00:00:00,20201115,Sunday,November,11,Nov,4,2020
2020-11-16 00:00:00,20201116,Monday,November,11,Nov,4,2020
2020-11-17 00:00:00,20201117,Tuesday,November,11,Nov,4,2020
2020-11-18 00:00:00,20201118,Wednesday,November,11,Nov,4,2020
2020-11-19 00:00:00,20201119,Thursday,November,11,Nov,4,2020
2020-11-20 00:00:00,20201120,Friday,November,11,Nov,4,2020
2020-11-21 00:00:00,20201121,Saturday,November,11,Nov,4,2020
2020-11-22 00:00:00,20201122,Sunday,November,11,Nov,4,2020
2020-11-23 00:00:00,20201123,Monday,November,11,Nov,4,2020
2020-11-24 00:00:00,20201124,Tuesday,November,11,Nov,4,2020
2020-11-25 00:00:00,20201125,Wednesday,November,11,Nov,4,2020
2020-11-26 00:00:00,20201126,Thursday,November,11,Nov,4,2020
2020-11-27 00:00:00,20201127,Friday,November,11,Nov,4,2020
2020-11-28 00:00:00,20201128,Saturday,November,11,Nov,4,2020
2020-11-29 00:00:00,20201129,Sunday,November,11,Nov,4,2020
2020-11-30 00:00:00,20201130,Monday,November,11,Nov,4,2020
2020-12-01 00:00:00,20201201,Tuesday,December,12,Dec,4,2020
2020-12-02 00:00:00,20201202,Wednesday,December,12,Dec,4,2020
2020-12-03 00:00:00,20201203,Thursday,December,12,Dec,4,2020
2020-12-04 00:00:00,20201204,Friday,December,12,Dec,4,2020
2020-12-05 00:00:00,20201205,Saturday,December,12,Dec,4,2020
2020-12-06 00:00:00,20201206,Sunday,December,12,Dec,4,2020
2020-12-07 00:00:00,20201207,Monday,December,12,Dec,4,2020
2020-12-08 00:00:00,20201208,Tuesday,December,12,Dec,4,2020
2020-12-09 00:00:00,20201209,Wednesday,December,12,Dec,4,2020
2020-12-10 00:00:00,20201210,Thursday,December,12,Dec,4,2020
2020-12-11 00:00:00,20201211,Friday,December,12,Dec,4,2020
2020-12-12 00:00:00,20201212,Saturday,December,12,Dec,4,2020
2020-12-13 00:00:00,20201213,Sunday,December,12,Dec,4,2020
2020-12-14 00:00:00,20201214,Monday,December,12,Dec,4,2020
2020-12-15 00:00:00,20201215,Tuesday,December,12,Dec,4,2020
2020-12-16 00:00:00,20201216,Wednesday,December,12,Dec,4,2020
2020-12-17 00:00:00,20201217,Thursday,December,12,Dec,4,2020
2020-12-18 00:00:00,20201218,Friday,December,12,Dec,4,2020
2020-12-19 00:00:00,20201219,Saturday,December,12,Dec,4,2020
2020-12-20 00:00:00,20201220,Sunday,December,12,Dec,4,2020
2020-12-21 00:00:00,20201221,Monday,December,12,Dec,4,2020
2020-12-22 00:00:00,20201222,Tuesday,December,12,Dec,4,2020
2020-12-23 00:00:00,20201223,Wednesday,December,12,Dec,4,2020
2020-12-24 00:00:00,20201224,Thursday,December,12,Dec,4,2020
2020-12-25 00:00:00,20201225,Friday,December,12,Dec,4,2020
2020-12-26 00:00:00,20201226,Saturday,December,12,Dec,4,2020
2020-12-27 00:00:00,20201227,Sunday,December,12,Dec,4,2020
2020-12-28 00:00:00,20201228,Monday,December,12,Dec,4,2020
2020-12-29 00:00:00,20201229,Tuesday,December,12,Dec,4,2020
2020-12-30 00:00:00,20201230,Wednesday,December,12,Dec,4,2020
2020-12-31 00:00:00,20201231,Thursday,December,12,Dec,4,2020
2021-01-01 00:00:00,20210101,Friday,January,1,Jan,1,2021
2021-01-02 00:00:00,20210102,Saturday,January,1,Jan,1,2021
2021-01-03 00:00:00,20210103,Sunday,January,1,Jan,1,2021
2021-01-04 00:00:00,20210104,Monday,January,1,Jan,1,2021
2021-01-05 00:00:00,20210105,Tuesday,January,1,Jan,1,2021
2021-01-06 00:00:00,20210106,Wednesday,January,1,Jan,1,2021
2021-01-07 00:00:00,20210107,Thursday,January,1,Jan,1,2021
2021-01-08 00:00:00,20210108,Friday,January,1,Jan,1,2021
2021-01-09 00:00:00,20210109,Saturday,January,1,Jan,1,2021
2021-01-10 00:00:00,20210110,Sunday,January,1,Jan,1,2021
2021-01-11 00:00:00,20210111,Monday,January,1,Jan,1,2021
2021-01-12 00:00:00,20210112,Tuesday,January,1,Jan,1,2021
2021-01-13 00:00:00,20210113,Wednesday,January,1,Jan,1,2021
2021-01-14 00:00:00,20210114,Thursday,January,1,Jan,1,2021
2021-01-15 00:00:00,20210115,Friday,January,1,Jan,1,2021
2021-01-16 00:00:00,20210116,Saturday,January,1,Jan,1,2021
2021-01-17 00:00:00,20210117,Sunday,January,1,Jan,1,2021
2021-01-18 00:00:00,20210118,Monday,January,1,Jan,1,2021
2021-01-19 00:00:00,20210119,Tuesday,January,1,Jan,1,2021
2021-01-20 00:00:00,20210120,Wednesday,January,1,Jan,1,2021
2021-01-21 00:00:00,20210121,Thursday,January,1,Jan,1,2021
2021-01-22 00:00:00,20210122,Friday,January,1,Jan,1,2021
2021-01-23 00:00:00,20210123,Saturday,January,1,Jan,1,2021
2021-01-24 00:00:00,20210124,Sunday,January,1,Jan,1,2021
2021-01-25 00:00:00,20210125,Monday,January,1,Jan,1,2021
2021-01-26 00:00:00,20210126,Tuesday,January,1,Jan,1,2021
2021-01-27 00:00:00,20210127,Wednesday,January,1,Jan,1,2021
2021-01-28 00:00:00,20210128,Thursday,January,1,Jan,1,2021
2021-01-29 00:00:00,20210129,Friday,January,1,Jan,1,2021
2021-01-30 00:00:00,20210130,Saturday,January,1,Jan,1,2021
2021-01-31 00:00:00,20210131,Sunday,January,1,Jan,1,2021
2021-02-01 00:00:00,20210201,Monday,February,2,Feb,1,2021
2021-02-02 00:00:00,20210202,Tuesday,February,2,Feb,1,2021
2021-02-03 00:00:00,20210203,Wednesday,February,2,Feb,1,2021
2021-02-04 00:00:00,20210204,Thursday,February,2,Feb,1,2021
2021-02-05 00:00:00,20210205,Friday,February,2,Feb,1,2021
2021-02-06 00:00:00,20210206,Saturday,February,2,Feb,1,2021
2021-02-07 00:00:00,20210207,Sunday,February,2,Feb,1,2021
2021-02-08 00:00:00,20210208,Monday,February,2,Feb,1,2021
2021-02-09 00:00:00,20210209,Tuesday,February,2,Feb,1,2021
2021-02-10 00:00:00,20210210,Wednesday,February,2,Feb,1,2021
2021-02-11 00:00:00,20210211,Thursday,February,2,Feb,1,2021
2021-02-12 00:00:00,20210212,Friday,February,2,Feb,1,2021
2021-02-13 00:00:00,20210213,Saturday,February,2,Feb,1,2021
2021-02-14 00:00:00,20210214,Sunday,February,2,Feb,1,2021
2021-02-15 00:00:00,20210215,Monday,February,2,Feb,1,2021
2021-02-16 00:00:00,20210216,Tuesday,February,2,Feb,1,2021
2021-02-17 00:00:00,20210217,Wednesday,February,2,Feb,1,2021
2021-02-18 00:00:00,20210218,Thursday,February,2,Feb,1,2021
2021-02-19 00:00:00,20210219,Friday,February,2,Feb,1,2021
2021-02-20 00:00:00,20210220,Saturday,February,2,Feb,1,2021
2021-02-21 00:00:00,20210221,Sunday,February,2,Feb,1,2021
2021-02-22 00:00:00,20210222,Monday,February,2,Feb,1,2021
2021-02-23 00:00:00,20210223,Tuesday,February,2,Feb,1,2021
2021-02-24 00:00:00,20210224,Wednesday,February,2,Feb,1,2021
2021-02-25 00:00:00,20210225,Thursday,February,2,Feb,1,2021
2021-02-26 00:00:00,20210226,Friday,February,2,Feb,1,2021
2021-02-27 00:00:00,20210227,Saturday,February,2,Feb,1,2021
2021-02-28 00:00:00,20210228,Sunday,February,2,Feb,1,2021
2021-03-01 00:00:00,20210301,Monday,March,3,Mar,1,2021
2021-03-02 00:00:00,20210302,Tuesday,March,3,Mar,1,2021
2021-03-03 00:00:00,20210303,Wednesday,March,3,Mar,1,2021
2021-03-04 00:00:00,20210304,Thursday,March,3,Mar,1,2021
2021-03-05 00:00:00,20210305,Friday,March,3,Mar,1,2021
2021-03-06 00:00:00,20210306,Saturday,March,3,Mar,1,2021
2021-03-07 00:00:00,20210307,Sunday,March,3,Mar,1,2021
2021-03-08 00:00:00,20210308,Monday,March,3,Mar,1,2021
2021-03-09 00:00:00,20210309,Tuesday,March,3,Mar,1,2021
2021-03-10 00:00:00,20210310,Wednesday,March,3,Mar,1,2021
2021-03-11 00:00:00,20210311,Thursday,March,3,Mar,1,2021
2021-03-12 00:00:00,20210312,Friday,March,3,Mar,1,2021
2021-03-13 00:00:00,20210313,Saturday,March,3,Mar,1,2021
2021-03-14 00:00:00,20210314,Sunday,March,3,Mar,1,2021
2021-03-15 00:00:00,20210315,Monday,March,3,Mar,1,2021
2021-03-16 00:00:00,20210316,Tuesday,March,3,Mar,1,2021
2021-03-17 00:00:00,20210317,Wednesday,March,3,Mar,1,2021
2021-03-18 00:00:00,20210318,Thursday,March,3,Mar,1,2021
2021-03-19 00:00:00,20210319,Friday,March,3,Mar,1,2021
2021-03-20 00:00:00,20210320,Saturday,March,3,Mar,1,2021
2021-03-21 00:00:00,20210321,Sunday,March,3,Mar,1,2021
2021-03-22 00:00:00,20210322,Monday,March,3,Mar,1,2021
2021-03-23 00:00:00,20210323,Tuesday,March,3,Mar,1,2021
2021-03-24 00:00:00,20210324,Wednesday,March,3,Mar,1,2021
2021-03-25 00:00:00,20210325,Thursday,March,3,Mar,1,2021
2021-03-26 00:00:00,20210326,Friday,March,3,Mar,1,2021
2021-03-27 00:00:00,20210327,Saturday,March,3,Mar,1,2021
2021-03-28 00:00:00,20210328,Sunday,March,3,Mar,1,2021
2021-03-29 00:00:00,20210329,Monday,March,3,Mar,1,2021
2021-03-30 00:00:00,20210330,Tuesday,March,3,Mar,1,2021
2021-03-31 00:00:00,20210331,Wednesday,March,3,Mar,1,2021
2021-04-01 00:00:00,20210401,Thursday,April,4,Apr,2,2021
2021-04-02 00:00:00,20210402,Friday,April,4,Apr,2,2021
2021-04-03 00:00:00,20210403,Saturday,April,4,Apr,2,2021
2021-04-04 00:00:00,20210404,Sunday,April,4,Apr,2,2021
2021-04-05 00:00:00,20210405,Monday,April,4,Apr,2,2021
2021-04-06 00:00:00,20210406,Tuesday,April,4,Apr,2,2021
2021-04-07 00:00:00,20210407,Wednesday,April,4,Apr,2,2021
2021-04-08 00:00:00,20210408,Thursday,April,4,Apr,2,2021
2021-04-09 00:00:00,20210409,Friday,April,4,Apr,2,2021
2021-04-10 00:00:00,20210410,Saturday,April,4,Apr,2,2021
2021-04-11 00:00:00,20210411,Sunday,April,4,Apr,2,2021
2021-04-12 00:00:00,20210412,Monday,April,4,Apr,2,2021
2021-04-13 00:00:00,20210413,Tuesday,April,4,Apr,2,2021
2021-04-14 00:00:00,20210414,Wednesday,April,4,Apr,2,2021
2021-04-15 00:00:00,20210415,Thursday,April,4,Apr,2,2021
2021-04-16 00:00:00,20210416,Friday,April,4,Apr,2,2021
2021-04-17 00:00:00,20210417,Saturday,April,4,Apr,2,2021
2021-04-18 00:00:00,20210418,Sunday,April,4,Apr,2,2021
2021-04-19 00:00:00,20210419,Monday,April,4,Apr,2,2021
2021-04-20 00:00:00,20210420,Tuesday,April,4,Apr,2,2021
2021-04-21 00:00:00,20210421,Wednesday,April,4,Apr,2,2021
2021-04-22 00:00:00,20210422,Thursday,April,4,Apr,2,2021
2021-04-23 00:00:00,20210423,Friday,April,4,Apr,2,2021
2021-04-24 00:00:00,20210424,Saturday,April,4,Apr,2,2021
2021-04-25 00:00:00,20210425,Sunday,April,4,Apr,2,2021
2021-04-26 00:00:00,20210426,Monday,April,4,Apr,2,2021
2021-04-27 00:00:00,20210427,Tuesday,April,4,Apr,2,2021
2021-04-28 00:00:00,20210428,Wednesday,April,4,Apr,2,2021
2021-04-29 00:00:00,20210429,Thursday,April,4,Apr,2,2021
2021-04-30 00:00:00,20210430,Friday,April,4,Apr,2,2021
2021-05-01 00:00:00,20210501,Saturday,May,5,May,2,2021
2021-05-02 00:00:00,20210502,Sunday,May,5,May,2,2021
2021-05-03 00:00:00,20210503,Monday,May,5,May,2,2021
2021-05-04 00:00:00,20210504,Tuesday,May,5,May,2,2021
2021-05-05 00:00:00,20210505,Wednesday,May,5,May,2,2021
2021-05-06 00:00:00,20210506,Thursday,May,5,May,2,2021
2021-05-07 00:00:00,20210507,Friday,May,5,May,2,2021
2021-05-08 00:00:00,20210508,Saturday,May,5,May,2,2021
2021-05-09 00:00:00,20210509,Sunday,May,5,May,2,2021
2021-05-10 00:00:00,20210510,Monday,May,5,May,2,2021
2021-05-11 00:00:00,20210511,Tuesday,May,5,May,2,2021
2021-05-12 00:00:00,20210512,Wednesday,May,5,May,2,2021
2021-05-13 00:00:00,20210513,Thursday,May,5,May,2,2021
2021-05-14 00:00:00,20210514,Friday,May,5,May,2,2021
2021-05-15 00:00:00,20210515,Saturday,May,5,May,2,2021
2021-05-16 00:00:00,20210516,Sunday,May,5,May,2,2021
2021-05-17 00:00:00,20210517,Monday,May,5,May,2,2021
2021-05-18 00:00:00,20210518,Tuesday,May,5,May,2,2021
2021-05-19 00:00:00,20210519,Wednesday,May,5,May,2,2021
2021-05-20 00:00:00,20210520,Thursday,May,5,May,2,2021
2021-05-21 00:00:00,20210521,Friday,May,5,May,2,2021
2021-05-22 00:00:00,20210522,Saturday,May,5,May,2,2021
2021-05-23 00:00:00,20210523,Sunday,May,5,May,2,2021
2021-05-24 00:00:00,20210524,Monday,May,5,May,2,2021
2021-05-25 00:00:00,20210525,Tuesday,May,5,May,2,2021
2021-05-26 00:00:00,20210526,Wednesday,May,5,May,2,2021
2021-05-27 00:00:00,20210527,Thursday,May,5,May,2,2021
2021-05-28 00:00:00,20210528,Friday,May,5,May,2,2021
2021-05-29 00:00:00,20210529,Saturday,May,5,May,2,2021
2021-05-30 00:00:00,20210530,Sunday,May,5,May,2,2021
2021-05-31 00:00:00,20210531,Monday,May,5,May,2,2021
2021-06-01 00:00:00,20210601,Tuesday,June,6,Jun,2,2021
2021-06-02 00:00:00,20210602,Wednesday,June,6,Jun,2,2021
2021-06-03 00:00:00,20210603,Thursday,June,6,Jun,2,2021
2021-06-04 00:00:00,20210604,Friday,June,6,Jun,2,2021
2021-06-05 00:00:00,20210605,Saturday,June,6,Jun,2,2021
2021-06-06 00:00:00,20210606,Sunday,June,6,Jun,2,2021
2021-06-07 00:00:00,20210607,Monday,June,6,Jun,2,2021
2021-06-08 00:00:00,20210608,Tuesday,June,6,Jun,2,2021
2021-06-09 00:00:00,20210609,Wednesday,June,6,Jun,2,2021
2021-06-10 00:00:00,20210610,Thursday,June,6,Jun,2,2021
2021-06-11 00:00:00,20210611,Friday,June,6,Jun,2,2021
2021-06-12 00:00:00,20210612,Saturday,June,6,Jun,2,2021
2021-06-13 00:00:00,20210613,Sunday,June,6,Jun,2,2021
2021-06-14 00:00:00,20210614,Monday,June,6,Jun,2,2021
2021-06-15 00:00:00,20210615,Tuesday,June,6,Jun,2,2021
2021-06-16 00:00:00,20210616,Wednesday,June,6,Jun,2,2021
2021-06-17 00:00:00,20210617,Thursday,June,6,Jun,2,2021
2021-06-18 00:00:00,20210618,Friday,June,6,Jun,2,2021
2021-06-19 00:00:00,20210619,Saturday,June,6,Jun,2,2021
2021-06-20 00:00:00,20210620,Sunday,June,6,Jun,2,2021
2021-06-21 00:00:00,20210621,Monday,June,6,Jun,2,2021
2021-06-22 00:00:00,20210622,Tuesday,June,6,Jun,2,2021
2021-06-23 00:00:00,20210623,Wednesday,June,6,Jun,2,2021
2021-06-24 00:00:00,20210624,Thursday,June,6,Jun,2,2021
2021-06-25 00:00:00,20210625,Friday,June,6,Jun,2,2021
2021-06-26 00:00:00,20210626,Saturday,June,6,Jun,2,2021
2021-06-27 00:00:00,20210627,Sunday,June,6,Jun,2,2021
2021-06-28 00:00:00,20210628,Monday,June,6,Jun,2,2021
2021-06-29 00:00:00,20210629,Tuesday,June,6,Jun,2,2021
2021-06-30 00:00:00,20210630,Wednesday,June,6,Jun,2,2021
2021-07-01 00:00:00,20210701,Thursday,July,7,Jul,3,2021
2021-07-02 00:00:00,20210702,Friday,July,7,Jul,3,2021
2021-07-03 00:00:00,20210703,Saturday,July,7,Jul,3,2021
2021-07-04 00:00:00,20210704,Sunday,July,7,Jul,3,2021
2021-07-05 00:00:00,20210705,Monday,July,7,Jul,3,2021
2021-07-06 00:00:00,20210706,Tuesday,July,7,Jul,3,2021
2021-07-07 00:00:00,20210707,Wednesday,July,7,Jul,3,2021
2021-07-08 00:00:00,20210708,Thursday,July,7,Jul,3,2021
2021-07-09 00:00:00,20210709,Friday,July,7,Jul,3,2021
2021-07-10 00:00:00,20210710,Saturday,July,7,Jul,3,2021
2021-07-11 00:00:00,20210711,Sunday,July,7,Jul,3,2021
2021-07-12 00:00:00,20210712,Monday,July,7,Jul,3,2021
2021-07-13 00:00:00,20210713,Tuesday,July,7,Jul,3,2021
2021-07-14 00:00:00,20210714,Wednesday,July,7,Jul,3,2021
2021-07-15 00:00:00,20210715,Thursday,July,7,Jul,3,2021
2021-07-16 00:00:00,20210716,Friday,July,7,Jul,3,2021
2021-07-17 00:00:00,20210717,Saturday,July,7,Jul,3,2021
2021-07-18 00:00:00,20210718,Sunday,July,7,Jul,3,2021
2021-07-19 00:00:00,20210719,Monday,July,7,Jul,3,2021
2021-07-20 00:00:00,20210720,Tuesday,July,7,Jul,3,2021
2021-07-21 00:00:00,20210721,Wednesday,July,7,Jul,3,2021
2021-07-22 00:00:00,20210722,Thursday,July,7,Jul,3,2021
2021-07-23 00:00:00,20210723,Friday,July,7,Jul,3,2021
2021-07-24 00:00:00,20210724,Saturday,July,7,Jul,3,2021
2021-07-25 00:00:00,20210725,Sunday,July,7,Jul,3,2021
2021-07-26 00:00:00,20210726,Monday,July,7,Jul,3,2021
2021-07-27 00:00:00,20210727,Tuesday,July,7,Jul,3,2021
2021-07-28 00:00:00,20210728,Wednesday,July,7,Jul,3,2021
2021-07-29 00:00:00,20210729,Thursday,July,7,Jul,3,2021
2021-07-30 00:00:00,20210730,Friday,July,7,Jul,3,2021
2021-07-31 00:00:00,20210731,Saturday,July,7,Jul,3,2021
2021-08-01 00:00:00,20210801,Sunday,August,8,Aug,3,2021
2021-08-02 00:00:00,20210802,Monday,August,8,Aug,3,2021
2021-08-03 00:00:00,20210803,Tuesday,August,8,Aug,3,2021
2021-08-04 00:00:00,20210804,Wednesday,August,8,Aug,3,2021
2021-08-05 00:00:00,20210805,Thursday,August,8,Aug,3,2021
2021-08-06 00:00:00,20210806,Friday,August,8,Aug,3,2021
2021-08-07 00:00:00,20210807,Saturday,August,8,Aug,3,2021
2021-08-08 00:00:00,20210808,Sunday,August,8,Aug,3,2021
2021-08-09 00:00:00,20210809,Monday,August,8,Aug,3,2021
2021-08-10 00:00:00,20210810,Tuesday,August,8,Aug,3,2021
2021-08-11 00:00:00,20210811,Wednesday,August,8,Aug,3,2021
2021-08-12 00:00:00,20210812,Thursday,August,8,Aug,3,2021
2021-08-13 00:00:00,20210813,Friday,August,8,Aug,3,2021
2021-08-14 00:00:00,20210814,Saturday,August,8,Aug,3,2021
2021-08-15 00:00:00,20210815,Sunday,August,8,Aug,3,2021
2021-08-16 00:00:00,20210816,Monday,August,8,Aug,3,2021
2021-08-17 00:00:00,20210817,Tuesday,August,8,Aug,3,2021
2021-08-18 00:00:00,20210818,Wednesday,August,8,Aug,3,2021
2021-08-19 00:00:00,20210819,Thursday,August,8,Aug,3,2021
2021-08-20 00:00:00,20210820,Friday,August,8,Aug,3,2021
2021-08-21 00:00:00,20210821,Saturday,August,8,Aug,3,2021
2021-08-22 00:00:00,20210822,Sunday,August,8,Aug,3,2021
2021-08-23 00:00:00,20210823,Monday,August,8,Aug,3,2021
2021-08-24 00:00:00,20210824,Tuesday,August,8,Aug,3,2021
2021-08-25 00:00:00,20210825,Wednesday,August,8,Aug,3,2021
2021-08-26 00:00:00,20210826,Thursday,August,8,Aug,3,2021
2021-08-27 00:00:00,20210827,Friday,August,8,Aug,3,2021
2021-08-28 00:00:00,20210828,Saturday,August,8,Aug,3,2021
2021-08-29 00:00:00,20210829,Sunday,August,8,Aug,3,2021
2021-08-30 00:00:00,20210830,Monday,August,8,Aug,3,2021
2021-08-31 00:00:00,20210831,Tuesday,August,8,Aug,3,2021
2021-09-01 00:00:00,20210901,Wednesday,September,9,Sep,3,2021
2021-09-02 00:00:00,20210902,Thursday,September,9,Sep,3,2021
2021-09-03 00:00:00,20210903,Friday,September,9,Sep,3,2021
2021-09-04 00:00:00,20210904,Saturday,September,9,Sep,3,2021
2021-09-05 00:00:00,20210905,Sunday,September,9,Sep,3,2021
2021-09-06 00:00:00,20210906,Monday,September,9,Sep,3,2021
2021-09-07 00:00:00,20210907,Tuesday,September,9,Sep,3,2021
2021-09-08 00:00:00,20210908,Wednesday,September,9,Sep,3,2021
2021-09-09 00:00:00,20210909,Thursday,September,9,Sep,3,2021
2021-09-10 00:00:00,20210910,Friday,September,9,Sep,3,2021
2021-09-11 00:00:00,20210911,Saturday,September,9,Sep,3,2021
2021-09-12 00:00:00,20210912,Sunday,September,9,Sep,3,2021
2021-09-13 00:00:00,20210913,Monday,September,9,Sep,3,2021
2021-09-14 00:00:00,20210914,Tuesday,September,9,Sep,3,2021
2021-09-15 00:00:00,20210915,Wednesday,September,9,Sep,3,2021
2021-09-16 00:00:00,20210916,Thursday,September,9,Sep,3,2021
2021-09-17 00:00:00,20210917,Friday,September,9,Sep,3,2021
2021-09-18 00:00:00,20210918,Saturday,September,9,Sep,3,2021
2021-09-19 00:00:00,20210919,Sunday,September,9,Sep,3,2021
2021-09-20 00:00:00,20210920,Monday,September,9,Sep,3,2021
2021-09-21 00:00:00,20210921,Tuesday,September,9,Sep,3,2021
2021-09-22 00:00:00,20210922,Wednesday,September,9,Sep,3,2021
2021-09-23 00:00:00,20210923,Thursday,September,9,Sep,3,2021
2021-09-24 00:00:00,20210924,Friday,September,9,Sep,3,2021
2021-09-25 00:00:00,20210925,Saturday,September,9,Sep,3,2021
2021-09-26 00:00:00,20210926,Sunday,September,9,Sep,3,2021
2021-09-27 00:00:00,20210927,Monday,September,9,Sep,3,2021
2021-09-28 00:00:00,20210928,Tuesday,September,9,Sep,3,2021
2021-09-29 00:00:00,20210929,Wednesday,September,9,Sep,3,2021
2021-09-30 00:00:00,20210930,Thursday,September,9,Sep,3,2021
2021-10-01 00:00:00,20211001,Friday,October,10,Oct,4,2021
2021-10-02 00:00:00,20211002,Saturday,October,10,Oct,4,2021
2021-10-03 00:00:00,20211003,Sunday,October,10,Oct,4,2021
2021-10-04 00:00:00,20211004,Monday,October,10,Oct,4,2021
2021-10-05 00:00:00,20211005,Tuesday,October,10,Oct,4,2021
2021-10-06 00:00:00,20211006,Wednesday,October,10,Oct,4,2021
2021-10-07 00:00:00,20211007,Thursday,October,10,Oct,4,2021
2021-10-08 00:00:00,20211008,Friday,October,10,Oct,4,2021
2021-10-09 00:00:00,20211009,Saturday,October,10,Oct,4,2021
2021-10-10 00:00:00,20211010,Sunday,October,10,Oct,4,2021
2021-10-11 00:00:00,20211011,Monday,October,10,Oct,4,2021
2021-10-12 00:00:00,20211012,Tuesday,October,10,Oct,4,2021
2021-10-13 00:00:00,20211013,Wednesday,October,10,Oct,4,2021
2021-10-14 00:00:00,20211014,Thursday,October,10,Oct,4,2021
2021-10-15 00:00:00,20211015,Friday,October,10,Oct,4,2021
2021-10-16 00:00:00,20211016,Saturday,October,10,Oct,4,2021
2021-10-17 00:00:00,20211017,Sunday,October,10,Oct,4,2021
2021-10-18 00:00:00,20211018,Monday,October,10,Oct,4,2021
2021-10-19 00:00:00,20211019,Tuesday,October,10,Oct,4,2021
2021-10-20 00:00:00,20211020,Wednesday,October,10,Oct,4,2021
2021-10-21 00:00:00,20211021,Thursday,October,10,Oct,4,2021
2021-10-22 00:00:00,20211022,Friday,October,10,Oct,4,2021
2021-10-23 00:00:00,20211023,Saturday,October,10,Oct,4,2021
2021-10-24 00:00:00,20211024,Sunday,October,10,Oct,4,2021
2021-10-25 00:00:00,20211025,Monday,October,10,Oct,4,2021
2021-10-26 00:00:00,20211026,Tuesday,October,10,Oct,4,2021
2021-10-27 00:00:00,20211027,Wednesday,October,10,Oct,4,2021
2021-10-28 00:00:00,20211028,Thursday,October,10,Oct,4,2021
2021-10-29 00:00:00,20211029,Friday,October,10,Oct,4,2021
2021-10-30 00:00:00,20211030,Saturday,October,10,Oct,4,2021
2021-10-31 00:00:00,20211031,Sunday,October,10,Oct,4,2021
2021-11-01 00:00:00,20211101,Monday,November,11,Nov,4,2021
2021-11-02 00:00:00,20211102,Tuesday,November,11,Nov,4,2021
2021-11-03 00:00:00,20211103,Wednesday,November,11,Nov,4,2021
2021-11-04 00:00:00,20211104,Thursday,November,11,Nov,4,2021
2021-11-05 00:00:00,20211105,Friday,November,11,Nov,4,2021
2021-11-06 00:00:00,20211106,Saturday,November,11,Nov,4,2021
2021-11-07 00:00:00,20211107,Sunday,November,11,Nov,4,2021
2021-11-08 00:00:00,20211108,Monday,November,11,Nov,4,2021
2021-11-09 00:00:00,20211109,Tuesday,November,11,Nov,4,2021
2021-11-10 00:00:00,20211110,Wednesday,November,11,Nov,4,2021
2021-11-11 00:00:00,20211111,Thursday,November,11,Nov,4,2021
2021-11-12 00:00:00,20211112,Friday,November,11,Nov,4,2021
2021-11-13 00:00:00,20211113,Saturday,November,11,Nov,4,2021
2021-11-14 00:00:00,20211114,Sunday,November,11,Nov,4,2021
2021-11-15 00:00:00,20211115,Monday,November,11,Nov,4,2021
2021-11-16 00:00:00,20211116,Tuesday,November,11,Nov,4,2021
2021-11-17 00:00:00,20211117,Wednesday,November,11,Nov,4,2021
2021-11-18 00:00:00,20211118,Thursday,November,11,Nov,4,2021
2021-11-19 00:00:00,20211119,Friday,November,11,Nov,4,2021
2021-11-20 00:00:00,20211120,Saturday,November,11,Nov,4,2021
2021-11-21 00:00:00,20211121,Sunday,November,11,Nov,4,2021
2021-11-22 00:00:00,20211122,Monday,November,11,Nov,4,2021
2021-11-23 00:00:00,20211123,Tuesday,November,11,Nov,4,2021
2021-11-24 00:00:00,20211124,Wednesday,November,11,Nov,4,2021
2021-11-25 00:00:00,20211125,Thursday,November,11,Nov,4,2021
2021-11-26 00:00:00,20211126,Friday,November,11,Nov,4,2021
2021-11-27 00:00:00,20211127,Saturday,November,11,Nov,4,2021
2021-11-28 00:00:00,20211128,Sunday,November,11,Nov,4,2021
2021-11-29 00:00:00,20211129,Monday,November,11,Nov,4,2021
2021-11-30 00:00:00,20211130,Tuesday,November,11,Nov,4,2021
2021-12-01 00:00:00,20211201,Wednesday,December,12,Dec,4,2021
2021-12-02 00:00:00,20211202,Thursday,December,12,Dec,4,2021
2021-12-03 00:00:00,20211203,Friday,December,12,Dec,4,2021
2021-12-04 00:00:00,20211204,Saturday,December,12,Dec,4,2021
2021-12-05 00:00:00,20211205,Sunday,December,12,Dec,4,2021
2021-12-06 00:00:00,20211206,Monday,December,12,Dec,4,2021
2021-12-07 00:00:00,20211207,Tuesday,December,12,Dec,4,2021
2021-12-08 00:00:00,20211208,Wednesday,December,12,Dec,4,2021
2021-12-09 00:00:00,20211209,Thursday,December,12,Dec,4,2021
2021-12-10 00:00:00,20211210,Friday,December,12,Dec,4,2021
2021-12-11 00:00:00,20211211,Saturday,December,12,Dec,4,2021
2021-12-12 00:00:00,20211212,Sunday,December,12,Dec,4,2021
2021-12-13 00:00:00,20211213,Monday,December,12,Dec,4,2021
2021-12-14 00:00:00,20211214,Tuesday,December,12,Dec,4,2021
2021-12-15 00:00:00,20211215,Wednesday,December,12,Dec,4,2021
2021-12-16 00:00:00,20211216,Thursday,December,12,Dec,4,2021
2021-12-17 00:00:00,20211217,Friday,December,12,Dec,4,2021
2021-12-18 00:00:00,20211218,Saturday,December,12,Dec,4,2021
2021-12-19 00:00:00,20211219,Sunday,December,12,Dec,4,2021
2021-12-20 00:00:00,20211220,Monday,December,12,Dec,4,2021
2021-12-21 00:00:00,20211221,Tuesday,December,12,Dec,4,2021
2021-12-22 00:00:00,20211222,Wednesday,December,12,Dec,4,2021
2021-12-23 00:00:00,20211223,Thursday,December,12,Dec,4,2021
2021-12-24 00:00:00,20211224,Friday,December,12,Dec,4,2021
2021-12-25 00:00:00,20211225,Saturday,December,12,Dec,4,2021
2021-12-26 00:00:00,20211226,Sunday,December,12,Dec,4,2021
2021-12-27 00:00:00,20211227,Monday,December,12,Dec,4,2021
2021-12-28 00:00:00,20211228,Tuesday,December,12,Dec,4,2021
2021-12-29 00:00:00,20211229,Wednesday,December,12,Dec,4,2021
2021-12-30 00:00:00,20211230,Thursday,December,12,Dec,4,2021
2021-12-31 00:00:00,20211231,Friday,December,12,Dec,4,2021
